source_file,interval_start,interval_end,week_label,week_number,area_name,area_code,forecast_min_mw,actual_min_mw,actual_max_mw,forecast_max_mw,data_year,created_at
GUI_TOTAL_LOAD_YEARAHEAD_201812312300-201912312300.csv,2018-12-31,2019-12-30,Week 1,1,Poland,PL,12898.5,12992.96,24945.56,27700.0,2019,2026-07-06 20:09:35
GUI_TOTAL_LOAD_YEARAHEAD_201812312300-201912312300.csv,2018-12-31,2019-12-30,Week 2,2,Poland,PL,14170.9,15513.79,25954.28,27700.0,2019,2026-07-06 20:09:35
GUI_TOTAL_LOAD_YEARAHEAD_201812312300-201912312300.csv,2018-12-31,2019-12-30,Week 3,3,Poland,PL,15434.4,15798.93,25264.46,27700.0,2019,2026-07-06 20:09:35
GUI_TOTAL_LOAD_YEARAHEAD_201812312300-201912312300.csv,2018-12-31,2019-12-30,Week 4,4,Poland,PL,15483.2,16055.43,26135.58,27700.0,2019,2026-07-06 20:09:35
GUI_TOTAL_LOAD_YEARAHEAD_201812312300-201912312300.csv,2018-12-31,2019-12-30,Week 5,5,Poland,PL,15090.6,14985.68,25339.89,27700.0,2019,2026-07-06 20:09:35
GUI_TOTAL_LOAD_YEARAHEAD_201812312300-201912312300.csv,2018-12-31,2019-12-30,Week 6,6,Poland,PL,15084.5,15152.4,24931.56,27400.0,2019,2026-07-06 20:09:35
GUI_TOTAL_LOAD_YEARAHEAD_201812312300-201912312300.csv,2018-12-31,2019-12-30,Week 7,7,Poland,PL,15570.6,14766.14,24699.6,27400.0,2019,2026-07-06 20:09:35
GUI_TOTAL_LOAD_YEARAHEAD_201812312300-201912312300.csv,2018-12-31,2019-12-30,Week 8,8,Poland,PL,15452.3,15221.48,24560.56,27400.0,2019,2026-07-06 20:09:35
GUI_TOTAL_LOAD_YEARAHEAD_201812312300-201912312300.csv,2018-12-31,2019-12-30,Week 9,9,Poland,PL,16332.0,15023.25,24220.56,27400.0,2019,2026-07-06 20:09:35
GUI_TOTAL_LOAD_YEARAHEAD_201812312300-201912312300.csv,2018-12-31,2019-12-30,Week 10,10,Poland,PL,16145.4,14460.68,23769.44,26100.0,2019,2026-07-06 20:09:35
GUI_TOTAL_LOAD_YEARAHEAD_201812312300-201912312300.csv,2018-12-31,2019-12-30,Week 11,11,Poland,PL,14443.5,14576.69,24033.24,26100.0,2019,2026-07-06 20:09:35
GUI_TOTAL_LOAD_YEARAHEAD_201812312300-201912312300.csv,2018-12-31,2019-12-30,Week 12,12,Poland,PL,15427.4,13906.98,23912.05,26100.0,2019,2026-07-06 20:09:35
GUI_TOTAL_LOAD_YEARAHEAD_201812312300-201912312300.csv,2018-12-31,2019-12-30,Week 13,13,Poland,PL,14832.8,14209.64,23876.78,26100.0,2019,2026-07-06 20:09:35
GUI_TOTAL_LOAD_YEARAHEAD_201812312300-201912312300.csv,2018-12-31,2019-12-30,Week 14,14,Poland,PL,12552.9,13678.13,22650.56,24000.0,2019,2026-07-06 20:09:35
GUI_TOTAL_LOAD_YEARAHEAD_201812312300-201912312300.csv,2018-12-31,2019-12-30,Week 15,15,Poland,PL,13308.3,14139.38,23153.55,24000.0,2019,2026-07-06 20:09:35
GUI_TOTAL_LOAD_YEARAHEAD_201812312300-201912312300.csv,2018-12-31,2019-12-30,Week 16,16,Poland,PL,12792.3,11874.89,22848.58,24000.0,2019,2026-07-06 20:09:35
GUI_TOTAL_LOAD_YEARAHEAD_201812312300-201912312300.csv,2018-12-31,2019-12-30,Week 17,17,Poland,PL,12678.3,11399.64,22262.04,24000.0,2019,2026-07-06 20:09:35
GUI_TOTAL_LOAD_YEARAHEAD_201812312300-201912312300.csv,2018-12-31,2019-12-30,Week 18,18,Poland,PL,12551.9,12554.58,21412.81,24000.0,2019,2026-07-06 20:09:35
GUI_TOTAL_LOAD_YEARAHEAD_201812312300-201912312300.csv,2018-12-31,2019-12-30,Week 19,19,Poland,PL,12371.3,12894.21,22277.66,23200.0,2019,2026-07-06 20:09:35
GUI_TOTAL_LOAD_YEARAHEAD_201812312300-201912312300.csv,2018-12-31,2019-12-30,Week 20,20,Poland,PL,12256.7,12514.13,23215.05,23300.0,2019,2026-07-06 20:09:35
GUI_TOTAL_LOAD_YEARAHEAD_201812312300-201912312300.csv,2018-12-31,2019-12-30,Week 21,21,Poland,PL,12220.7,12678.75,22271.31,23400.0,2019,2026-07-06 20:09:35
GUI_TOTAL_LOAD_YEARAHEAD_201812312300-201912312300.csv,2018-12-31,2019-12-30,Week 22,22,Poland,PL,12509.0,12455.64,22233.81,23500.0,2019,2026-07-06 20:09:35
GUI_TOTAL_LOAD_YEARAHEAD_201812312300-201912312300.csv,2018-12-31,2019-12-30,Week 23,23,Poland,PL,12706.6,12434.49,22766.34,23700.0,2019,2026-07-06 20:09:35
GUI_TOTAL_LOAD_YEARAHEAD_201812312300-201912312300.csv,2018-12-31,2019-12-30,Week 24,24,Poland,PL,12732.1,13404.35,23740.4,23700.0,2019,2026-07-06 20:09:35
GUI_TOTAL_LOAD_YEARAHEAD_201812312300-201912312300.csv,2018-12-31,2019-12-30,Week 25,25,Poland,PL,12799.8,12370.09,23071.29,23700.0,2019,2026-07-06 20:09:35
GUI_TOTAL_LOAD_YEARAHEAD_201812312300-201912312300.csv,2018-12-31,2019-12-30,Week 26,26,Poland,PL,12197.8,12871.26,24008.78,23700.0,2019,2026-07-06 20:09:35
GUI_TOTAL_LOAD_YEARAHEAD_201812312300-201912312300.csv,2018-12-31,2019-12-30,Week 27,27,Poland,PL,12386.8,12753.3,23079.16,23800.0,2019,2026-07-06 20:09:35
GUI_TOTAL_LOAD_YEARAHEAD_201812312300-201912312300.csv,2018-12-31,2019-12-30,Week 28,28,Poland,PL,12687.0,12495.95,21781.08,23900.0,2019,2026-07-06 20:09:35
GUI_TOTAL_LOAD_YEARAHEAD_201812312300-201912312300.csv,2018-12-31,2019-12-30,Week 29,29,Poland,PL,12632.8,12754.15,21947.71,23900.0,2019,2026-07-06 20:09:35
GUI_TOTAL_LOAD_YEARAHEAD_201812312300-201912312300.csv,2018-12-31,2019-12-30,Week 30,30,Poland,PL,12648.6,12822.41,22309.41,24000.0,2019,2026-07-06 20:09:35
GUI_TOTAL_LOAD_YEARAHEAD_201812312300-201912312300.csv,2018-12-31,2019-12-30,Week 31,31,Poland,PL,13033.5,12244.63,22857.54,24000.0,2019,2026-07-06 20:09:35
GUI_TOTAL_LOAD_YEARAHEAD_201812312300-201912312300.csv,2018-12-31,2019-12-30,Week 32,32,Poland,PL,13098.2,12798.0,22138.26,24000.0,2019,2026-07-06 20:09:35
GUI_TOTAL_LOAD_YEARAHEAD_201812312300-201912312300.csv,2018-12-31,2019-12-30,Week 33,33,Poland,PL,12532.8,12364.28,22242.13,23900.0,2019,2026-07-06 20:09:35
GUI_TOTAL_LOAD_YEARAHEAD_201812312300-201912312300.csv,2018-12-31,2019-12-30,Week 34,34,Poland,PL,12757.9,12953.73,22302.81,24000.0,2019,2026-07-06 20:09:35
GUI_TOTAL_LOAD_YEARAHEAD_201812312300-201912312300.csv,2018-12-31,2019-12-30,Week 35,35,Poland,PL,12898.3,13472.48,23624.43,24000.0,2019,2026-07-06 20:09:35
GUI_TOTAL_LOAD_YEARAHEAD_201812312300-201912312300.csv,2018-12-31,2019-12-30,Week 36,36,Poland,PL,12995.2,12985.34,22153.88,24200.0,2019,2026-07-06 20:09:35
GUI_TOTAL_LOAD_YEARAHEAD_201812312300-201912312300.csv,2018-12-31,2019-12-30,Week 37,37,Poland,PL,13236.2,13156.3,22177.94,24300.0,2019,2026-07-06 20:09:35
GUI_TOTAL_LOAD_YEARAHEAD_201812312300-201912312300.csv,2018-12-31,2019-12-30,Week 38,38,Poland,PL,13103.8,13557.15,22710.2,24600.0,2019,2026-07-06 20:09:35
GUI_TOTAL_LOAD_YEARAHEAD_201812312300-201912312300.csv,2018-12-31,2019-12-30,Week 39,39,Poland,PL,13361.9,13753.91,23700.49,24800.0,2019,2026-07-06 20:09:35
GUI_TOTAL_LOAD_YEARAHEAD_201812312300-201912312300.csv,2018-12-31,2019-12-30,Week 40,40,Poland,PL,13764.3,14065.7,23563.65,25100.0,2019,2026-07-06 20:09:35
GUI_TOTAL_LOAD_YEARAHEAD_201812312300-201912312300.csv,2018-12-31,2019-12-30,Week 41,41,Poland,PL,13837.8,13878.56,23956.11,25100.0,2019,2026-07-06 20:09:35
GUI_TOTAL_LOAD_YEARAHEAD_201812312300-201912312300.csv,2018-12-31,2019-12-30,Week 42,42,Poland,PL,13465.3,13937.14,23420.48,25100.0,2019,2026-07-06 20:09:35
GUI_TOTAL_LOAD_YEARAHEAD_201812312300-201912312300.csv,2018-12-31,2019-12-30,Week 43,43,Poland,PL,14113.8,13902.13,23694.1,25100.0,2019,2026-07-06 20:09:35
GUI_TOTAL_LOAD_YEARAHEAD_201812312300-201912312300.csv,2018-12-31,2019-12-30,Week 44,44,Poland,PL,13247.1,13539.95,24340.31,27000.0,2019,2026-07-06 20:09:35
GUI_TOTAL_LOAD_YEARAHEAD_201812312300-201912312300.csv,2018-12-31,2019-12-30,Week 45,45,Poland,PL,13887.9,14204.94,24308.28,27000.0,2019,2026-07-06 20:09:35
GUI_TOTAL_LOAD_YEARAHEAD_201812312300-201912312300.csv,2018-12-31,2019-12-30,Week 46,46,Poland,PL,13706.6,14027.6,24288.9,27000.0,2019,2026-07-06 20:09:35
GUI_TOTAL_LOAD_YEARAHEAD_201812312300-201912312300.csv,2018-12-31,2019-12-30,Week 47,47,Poland,PL,15203.5,14580.35,24507.1,27000.0,2019,2026-07-06 20:09:35
GUI_TOTAL_LOAD_YEARAHEAD_201812312300-201912312300.csv,2018-12-31,2019-12-30,Week 48,48,Poland,PL,15528.3,14990.19,25298.06,27500.0,2019,2026-07-06 20:09:35
GUI_TOTAL_LOAD_YEARAHEAD_201812312300-201912312300.csv,2018-12-31,2019-12-30,Week 49,49,Poland,PL,15619.9,14908.4,25523.96,27500.0,2019,2026-07-06 20:09:35
GUI_TOTAL_LOAD_YEARAHEAD_201812312300-201912312300.csv,2018-12-31,2019-12-30,Week 50,50,Poland,PL,14948.7,15068.19,25691.25,27500.0,2019,2026-07-06 20:09:35
GUI_TOTAL_LOAD_YEARAHEAD_201812312300-201912312300.csv,2018-12-31,2019-12-30,Week 51,51,Poland,PL,15904.8,14472.91,24801.99,27500.0,2019,2026-07-06 20:09:35
GUI_TOTAL_LOAD_YEARAHEAD_201812312300-201912312300.csv,2018-12-31,2019-12-30,Week 52,52,Poland,PL,12700.3,12177.41,23285.96,27500.0,2019,2026-07-06 20:09:35
GUI_TOTAL_LOAD_YEARAHEAD_201912312300-202012312300.csv,2019-12-30,2021-01-04,Week 1,1,Poland,PL,12894.5,12942.73,23120.54,27300.0,2021,2026-07-06 20:09:35
GUI_TOTAL_LOAD_YEARAHEAD_201912312300-202012312300.csv,2019-12-30,2021-01-04,Week 2,2,Poland,PL,15204.6,14535.99,24787.9,27300.0,2021,2026-07-06 20:09:35
GUI_TOTAL_LOAD_YEARAHEAD_201912312300-202012312300.csv,2019-12-30,2021-01-04,Week 3,3,Poland,PL,15431.4,14901.26,24800.13,27300.0,2021,2026-07-06 20:09:35
GUI_TOTAL_LOAD_YEARAHEAD_201912312300-202012312300.csv,2019-12-30,2021-01-04,Week 4,4,Poland,PL,15827.0,15258.45,25250.63,27300.0,2021,2026-07-06 20:09:35
GUI_TOTAL_LOAD_YEARAHEAD_201912312300-202012312300.csv,2019-12-30,2021-01-04,Week 5,5,Poland,PL,15882.6,14439.03,24912.89,27900.0,2021,2026-07-06 20:09:35
GUI_TOTAL_LOAD_YEARAHEAD_201912312300-202012312300.csv,2019-12-30,2021-01-04,Week 6,6,Poland,PL,14921.0,15123.78,24777.18,27900.0,2021,2026-07-06 20:09:35
GUI_TOTAL_LOAD_YEARAHEAD_201912312300-202012312300.csv,2019-12-30,2021-01-04,Week 7,7,Poland,PL,15085.4,14986.05,24565.98,27900.0,2021,2026-07-06 20:09:35
GUI_TOTAL_LOAD_YEARAHEAD_201912312300-202012312300.csv,2019-12-30,2021-01-04,Week 8,8,Poland,PL,14611.6,14485.28,23977.19,27900.0,2021,2026-07-06 20:09:35
GUI_TOTAL_LOAD_YEARAHEAD_201912312300-202012312300.csv,2019-12-30,2021-01-04,Week 9,9,Poland,PL,15245.5,14606.49,24382.16,27900.0,2021,2026-07-06 20:09:35
GUI_TOTAL_LOAD_YEARAHEAD_201912312300-202012312300.csv,2019-12-30,2021-01-04,Week 10,10,Poland,PL,14895.8,14660.09,24282.56,26200.0,2021,2026-07-06 20:09:35
GUI_TOTAL_LOAD_YEARAHEAD_201912312300-202012312300.csv,2019-12-30,2021-01-04,Week 11,11,Poland,PL,14252.3,14794.16,23937.33,26200.0,2021,2026-07-06 20:09:35
GUI_TOTAL_LOAD_YEARAHEAD_201912312300-202012312300.csv,2019-12-30,2021-01-04,Week 12,12,Poland,PL,14324.7,13899.85,22791.7,26200.0,2021,2026-07-06 20:09:35
GUI_TOTAL_LOAD_YEARAHEAD_201912312300-202012312300.csv,2019-12-30,2021-01-04,Week 13,13,Poland,PL,13477.5,13276.03,22344.83,26200.0,2021,2026-07-06 20:09:35
GUI_TOTAL_LOAD_YEARAHEAD_201912312300-202012312300.csv,2019-12-30,2021-01-04,Week 14,14,Poland,PL,14010.6,13308.31,21290.88,26200.0,2021,2026-07-06 20:09:35
GUI_TOTAL_LOAD_YEARAHEAD_201912312300-202012312300.csv,2019-12-30,2021-01-04,Week 15,15,Poland,PL,13264.4,11169.43,20126.98,24500.0,2021,2026-07-06 20:09:35
GUI_TOTAL_LOAD_YEARAHEAD_201912312300-202012312300.csv,2019-12-30,2021-01-04,Week 16,16,Poland,PL,14231.6,10768.73,20381.16,24500.0,2021,2026-07-06 20:09:35
GUI_TOTAL_LOAD_YEARAHEAD_201912312300-202012312300.csv,2019-12-30,2021-01-04,Week 17,17,Poland,PL,11230.1,12348.14,20236.85,24500.0,2021,2026-07-06 20:09:35
GUI_TOTAL_LOAD_YEARAHEAD_201912312300-202012312300.csv,2019-12-30,2021-01-04,Week 18,18,Poland,PL,12536.4,11159.98,20226.71,24500.0,2021,2026-07-06 20:09:35
GUI_TOTAL_LOAD_YEARAHEAD_201912312300-202012312300.csv,2019-12-30,2021-01-04,Week 19,19,Poland,PL,12437.2,11699.91,21100.0,23500.0,2021,2026-07-06 20:09:35
GUI_TOTAL_LOAD_YEARAHEAD_201912312300-202012312300.csv,2019-12-30,2021-01-04,Week 20,20,Poland,PL,12823.4,11754.26,21033.31,23500.0,2021,2026-07-06 20:09:35
GUI_TOTAL_LOAD_YEARAHEAD_201912312300-202012312300.csv,2019-12-30,2021-01-04,Week 21,21,Poland,PL,12479.8,11932.24,20873.54,23500.0,2021,2026-07-06 20:09:35
GUI_TOTAL_LOAD_YEARAHEAD_201912312300-202012312300.csv,2019-12-30,2021-01-04,Week 22,22,Poland,PL,12565.3,11754.93,21031.5,23500.0,2021,2026-07-06 20:09:35
GUI_TOTAL_LOAD_YEARAHEAD_201912312300-202012312300.csv,2019-12-30,2021-01-04,Week 23,23,Poland,PL,12406.9,11841.84,21142.48,24500.0,2021,2026-07-06 20:09:35
GUI_TOTAL_LOAD_YEARAHEAD_201912312300-202012312300.csv,2019-12-30,2021-01-04,Week 24,24,Poland,PL,12311.7,11690.19,21073.93,24500.0,2021,2026-07-06 20:09:35
GUI_TOTAL_LOAD_YEARAHEAD_201912312300-202012312300.csv,2019-12-30,2021-01-04,Week 25,25,Poland,PL,13265.2,12309.56,22173.93,24500.0,2021,2026-07-06 20:09:35
GUI_TOTAL_LOAD_YEARAHEAD_201912312300-202012312300.csv,2019-12-30,2021-01-04,Week 26,26,Poland,PL,12291.8,12210.25,21843.34,24500.0,2021,2026-07-06 20:09:35
GUI_TOTAL_LOAD_YEARAHEAD_201912312300-202012312300.csv,2019-12-30,2021-01-04,Week 27,27,Poland,PL,12817.8,12132.34,22344.78,24500.0,2021,2026-07-06 20:09:35
GUI_TOTAL_LOAD_YEARAHEAD_201912312300-202012312300.csv,2019-12-30,2021-01-04,Week 28,28,Poland,PL,12720.6,11903.98,21828.68,24100.0,2021,2026-07-06 20:09:35
GUI_TOTAL_LOAD_YEARAHEAD_201912312300-202012312300.csv,2019-12-30,2021-01-04,Week 29,29,Poland,PL,12464.3,12069.6,21523.96,24100.0,2021,2026-07-06 20:09:35
GUI_TOTAL_LOAD_YEARAHEAD_201912312300-202012312300.csv,2019-12-30,2021-01-04,Week 30,30,Poland,PL,12699.4,12157.95,21766.58,24100.0,2021,2026-07-06 20:09:35
GUI_TOTAL_LOAD_YEARAHEAD_201912312300-202012312300.csv,2019-12-30,2021-01-04,Week 31,31,Poland,PL,12712.9,11949.63,22131.44,24200.0,2021,2026-07-06 20:09:35
GUI_TOTAL_LOAD_YEARAHEAD_201912312300-202012312300.csv,2019-12-30,2021-01-04,Week 32,32,Poland,PL,12127.7,12744.38,22191.05,24200.0,2021,2026-07-06 20:09:35
GUI_TOTAL_LOAD_YEARAHEAD_201912312300-202012312300.csv,2019-12-30,2021-01-04,Week 33,33,Poland,PL,12615.1,12085.15,22655.54,24200.0,2021,2026-07-06 20:09:35
GUI_TOTAL_LOAD_YEARAHEAD_201912312300-202012312300.csv,2019-12-30,2021-01-04,Week 34,34,Poland,PL,12116.2,12965.99,22749.6,24200.0,2021,2026-07-06 20:09:35
GUI_TOTAL_LOAD_YEARAHEAD_201912312300-202012312300.csv,2019-12-30,2021-01-04,Week 35,35,Poland,PL,12788.8,12821.18,21922.01,24200.0,2021,2026-07-06 20:09:35
GUI_TOTAL_LOAD_YEARAHEAD_201912312300-202012312300.csv,2019-12-30,2021-01-04,Week 36,36,Poland,PL,13170.0,12863.89,21947.23,24400.0,2021,2026-07-06 20:09:35
GUI_TOTAL_LOAD_YEARAHEAD_201912312300-202012312300.csv,2019-12-30,2021-01-04,Week 37,37,Poland,PL,12888.6,13011.99,22065.58,24400.0,2021,2026-07-06 20:09:35
GUI_TOTAL_LOAD_YEARAHEAD_201912312300-202012312300.csv,2019-12-30,2021-01-04,Week 38,38,Poland,PL,13008.0,13211.98,22961.39,24400.0,2021,2026-07-06 20:09:35
GUI_TOTAL_LOAD_YEARAHEAD_201912312300-202012312300.csv,2019-12-30,2021-01-04,Week 39,39,Poland,PL,13498.5,13547.61,23222.25,24400.0,2021,2026-07-06 20:09:35
GUI_TOTAL_LOAD_YEARAHEAD_201912312300-202012312300.csv,2019-12-30,2021-01-04,Week 40,40,Poland,PL,13675.9,13628.19,23526.83,25400.0,2021,2026-07-06 20:09:35
GUI_TOTAL_LOAD_YEARAHEAD_201912312300-202012312300.csv,2019-12-30,2021-01-04,Week 41,41,Poland,PL,14191.1,13928.15,23618.41,25400.0,2021,2026-07-06 20:09:35
GUI_TOTAL_LOAD_YEARAHEAD_201912312300-202012312300.csv,2019-12-30,2021-01-04,Week 42,42,Poland,PL,13817.6,14266.14,24338.25,25400.0,2021,2026-07-06 20:09:35
GUI_TOTAL_LOAD_YEARAHEAD_201912312300-202012312300.csv,2019-12-30,2021-01-04,Week 43,43,Poland,PL,13883.4,14088.93,23636.24,25400.0,2021,2026-07-06 20:09:35
GUI_TOTAL_LOAD_YEARAHEAD_201912312300-202012312300.csv,2019-12-30,2021-01-04,Week 44,44,Poland,PL,13803.2,13910.26,24166.81,25400.0,2021,2026-07-06 20:09:35
GUI_TOTAL_LOAD_YEARAHEAD_201912312300-202012312300.csv,2019-12-30,2021-01-04,Week 45,45,Poland,PL,13414.3,14054.68,24067.11,27200.0,2021,2026-07-06 20:09:35
GUI_TOTAL_LOAD_YEARAHEAD_201912312300-202012312300.csv,2019-12-30,2021-01-04,Week 46,46,Poland,PL,13977.9,14359.3,24192.84,27300.0,2021,2026-07-06 20:09:35
GUI_TOTAL_LOAD_YEARAHEAD_201912312300-202012312300.csv,2019-12-30,2021-01-04,Week 47,47,Poland,PL,14081.2,14862.01,24478.23,27300.0,2021,2026-07-06 20:09:35
GUI_TOTAL_LOAD_YEARAHEAD_201912312300-202012312300.csv,2019-12-30,2021-01-04,Week 48,48,Poland,PL,14591.7,15240.73,25235.14,27300.0,2021,2026-07-06 20:09:35
GUI_TOTAL_LOAD_YEARAHEAD_201912312300-202012312300.csv,2019-12-30,2021-01-04,Week 49,49,Poland,PL,14930.8,14920.3,26062.06,28000.0,2021,2026-07-06 20:09:35
GUI_TOTAL_LOAD_YEARAHEAD_201912312300-202012312300.csv,2019-12-30,2021-01-04,Week 50,50,Poland,PL,14752.1,15421.51,26532.36,28000.0,2021,2026-07-06 20:09:35
GUI_TOTAL_LOAD_YEARAHEAD_201912312300-202012312300.csv,2019-12-30,2021-01-04,Week 51,51,Poland,PL,16706.0,15362.8,25626.79,28000.0,2021,2026-07-06 20:09:35
GUI_TOTAL_LOAD_YEARAHEAD_201912312300-202012312300.csv,2019-12-30,2021-01-04,Week 52,52,Poland,PL,12700.3,12640.53,25390.59,28000.0,2021,2026-07-06 20:09:35
GUI_TOTAL_LOAD_YEARAHEAD_201912312300-202012312300.csv,2019-12-30,2021-01-04,Week 1,1,Poland,PL,12894.5,13520.11,22643.13,28000.0,2021,2026-07-06 20:09:35
GUI_TOTAL_LOAD_YEARAHEAD_202012312300-202112312300.csv,2021-01-04,2022-01-03,Week 2,2,Poland,PL,14474.9,14722.1,24893.04,27500.0,2022,2026-07-06 20:09:35
GUI_TOTAL_LOAD_YEARAHEAD_202012312300-202112312300.csv,2021-01-04,2022-01-03,Week 3,3,Poland,PL,14888.3,15991.84,26169.39,27500.0,2022,2026-07-06 20:09:35
GUI_TOTAL_LOAD_YEARAHEAD_202012312300-202112312300.csv,2021-01-04,2022-01-03,Week 4,4,Poland,PL,14764.7,15176.21,27202.61,27500.0,2022,2026-07-06 20:09:35
GUI_TOTAL_LOAD_YEARAHEAD_202012312300-202112312300.csv,2021-01-04,2022-01-03,Week 5,5,Poland,PL,15213.4,15507.83,25500.53,27500.0,2022,2026-07-06 20:09:35
GUI_TOTAL_LOAD_YEARAHEAD_202012312300-202112312300.csv,2021-01-04,2022-01-03,Week 6,6,Poland,PL,14401.8,16341.95,26002.14,27200.0,2022,2026-07-06 20:09:35
GUI_TOTAL_LOAD_YEARAHEAD_202012312300-202112312300.csv,2021-01-04,2022-01-03,Week 7,7,Poland,PL,15027.0,16552.59,27374.68,27200.0,2022,2026-07-06 20:09:35
GUI_TOTAL_LOAD_YEARAHEAD_202012312300-202112312300.csv,2021-01-04,2022-01-03,Week 8,8,Poland,PL,14642.9,15470.13,26465.06,27200.0,2022,2026-07-06 20:09:35
GUI_TOTAL_LOAD_YEARAHEAD_202012312300-202112312300.csv,2021-01-04,2022-01-03,Week 9,9,Poland,PL,14372.6,14847.16,24285.39,27200.0,2022,2026-07-06 20:09:35
GUI_TOTAL_LOAD_YEARAHEAD_202012312300-202112312300.csv,2021-01-04,2022-01-03,Week 10,10,Poland,PL,14553.4,15003.7,24410.35,26600.0,2022,2026-07-06 20:09:35
GUI_TOTAL_LOAD_YEARAHEAD_202012312300-202112312300.csv,2021-01-04,2022-01-03,Week 11,11,Poland,PL,14493.0,14739.9,24781.51,26600.0,2022,2026-07-06 20:09:35
GUI_TOTAL_LOAD_YEARAHEAD_202012312300-202112312300.csv,2021-01-04,2022-01-03,Week 12,12,Poland,PL,14480.0,15406.14,24776.6,26600.0,2022,2026-07-06 20:09:35
GUI_TOTAL_LOAD_YEARAHEAD_202012312300-202112312300.csv,2021-01-04,2022-01-03,Week 13,13,Poland,PL,13634.5,14812.58,24393.33,26600.0,2022,2026-07-06 20:09:35
GUI_TOTAL_LOAD_YEARAHEAD_202012312300-202112312300.csv,2021-01-04,2022-01-03,Week 14,14,Poland,PL,13193.9,12989.36,23418.39,26600.0,2022,2026-07-06 20:09:35
GUI_TOTAL_LOAD_YEARAHEAD_202012312300-202112312300.csv,2021-01-04,2022-01-03,Week 15,15,Poland,PL,12702.0,12586.85,23816.63,24200.0,2022,2026-07-06 20:09:35
GUI_TOTAL_LOAD_YEARAHEAD_202012312300-202112312300.csv,2021-01-04,2022-01-03,Week 16,16,Poland,PL,10631.4,14155.59,24344.8,24200.0,2022,2026-07-06 20:09:35
GUI_TOTAL_LOAD_YEARAHEAD_202012312300-202112312300.csv,2021-01-04,2022-01-03,Week 17,17,Poland,PL,12240.3,13754.1,22592.43,24200.0,2022,2026-07-06 20:09:35
GUI_TOTAL_LOAD_YEARAHEAD_202012312300-202112312300.csv,2021-01-04,2022-01-03,Week 18,18,Poland,PL,11624.7,12683.14,22568.93,24800.0,2022,2026-07-06 20:09:35
GUI_TOTAL_LOAD_YEARAHEAD_202012312300-202112312300.csv,2021-01-04,2022-01-03,Week 19,19,Poland,PL,11135.1,12884.65,22690.43,24800.0,2022,2026-07-06 20:09:35
GUI_TOTAL_LOAD_YEARAHEAD_202012312300-202112312300.csv,2021-01-04,2022-01-03,Week 20,20,Poland,PL,11460.0,12716.68,22349.11,24800.0,2022,2026-07-06 20:09:35
GUI_TOTAL_LOAD_YEARAHEAD_202012312300-202112312300.csv,2021-01-04,2022-01-03,Week 21,21,Poland,PL,11641.5,12595.84,22315.93,24800.0,2022,2026-07-06 20:09:35
GUI_TOTAL_LOAD_YEARAHEAD_202012312300-202112312300.csv,2021-01-04,2022-01-03,Week 22,22,Poland,PL,11851.9,12723.8,22471.99,24800.0,2022,2026-07-06 20:09:35
GUI_TOTAL_LOAD_YEARAHEAD_202012312300-202112312300.csv,2021-01-04,2022-01-03,Week 23,23,Poland,PL,11698.9,12240.39,21599.64,25200.0,2022,2026-07-06 20:09:35
GUI_TOTAL_LOAD_YEARAHEAD_202012312300-202112312300.csv,2021-01-04,2022-01-03,Week 24,24,Poland,PL,11746.1,12380.35,22609.0,25200.0,2022,2026-07-06 20:09:35
GUI_TOTAL_LOAD_YEARAHEAD_202012312300-202112312300.csv,2021-01-04,2022-01-03,Week 25,25,Poland,PL,11629.7,13233.3,23170.15,25200.0,2022,2026-07-06 20:09:35
GUI_TOTAL_LOAD_YEARAHEAD_202012312300-202112312300.csv,2021-01-04,2022-01-03,Week 26,26,Poland,PL,12203.8,13043.06,23807.29,25200.0,2022,2026-07-06 20:09:35
GUI_TOTAL_LOAD_YEARAHEAD_202012312300-202112312300.csv,2021-01-04,2022-01-03,Week 27,27,Poland,PL,12043.8,13004.44,23555.03,25200.0,2022,2026-07-06 20:09:35
GUI_TOTAL_LOAD_YEARAHEAD_202012312300-202112312300.csv,2021-01-04,2022-01-03,Week 28,28,Poland,PL,12029.7,13079.71,23971.8,24700.0,2022,2026-07-06 20:09:35
GUI_TOTAL_LOAD_YEARAHEAD_202012312300-202112312300.csv,2021-01-04,2022-01-03,Week 29,29,Poland,PL,11799.4,13383.11,24316.08,24700.0,2022,2026-07-06 20:09:35
GUI_TOTAL_LOAD_YEARAHEAD_202012312300-202112312300.csv,2021-01-04,2022-01-03,Week 30,30,Poland,PL,11854.6,13104.9,22848.34,24700.0,2022,2026-07-06 20:09:35
GUI_TOTAL_LOAD_YEARAHEAD_202012312300-202112312300.csv,2021-01-04,2022-01-03,Week 31,31,Poland,PL,12102.2,12851.1,23561.21,25200.0,2022,2026-07-06 20:09:35
GUI_TOTAL_LOAD_YEARAHEAD_202012312300-202112312300.csv,2021-01-04,2022-01-03,Week 32,32,Poland,PL,11905.3,12803.51,22036.38,25200.0,2022,2026-07-06 20:09:35
GUI_TOTAL_LOAD_YEARAHEAD_202012312300-202112312300.csv,2021-01-04,2022-01-03,Week 33,33,Poland,PL,12613.5,12944.08,22094.05,25200.0,2022,2026-07-06 20:09:35
GUI_TOTAL_LOAD_YEARAHEAD_202012312300-202112312300.csv,2021-01-04,2022-01-03,Week 34,34,Poland,PL,12004.1,13303.73,22601.44,25200.0,2022,2026-07-06 20:09:35
GUI_TOTAL_LOAD_YEARAHEAD_202012312300-202112312300.csv,2021-01-04,2022-01-03,Week 35,35,Poland,PL,12781.0,13548.36,22742.96,25200.0,2022,2026-07-06 20:09:35
GUI_TOTAL_LOAD_YEARAHEAD_202012312300-202112312300.csv,2021-01-04,2022-01-03,Week 36,36,Poland,PL,12550.4,13720.25,23108.66,25200.0,2022,2026-07-06 20:09:35
GUI_TOTAL_LOAD_YEARAHEAD_202012312300-202112312300.csv,2021-01-04,2022-01-03,Week 37,37,Poland,PL,12644.2,13812.26,23020.33,24700.0,2022,2026-07-06 20:09:35
GUI_TOTAL_LOAD_YEARAHEAD_202012312300-202112312300.csv,2021-01-04,2022-01-03,Week 38,38,Poland,PL,12839.8,13813.29,23307.58,24700.0,2022,2026-07-06 20:09:35
GUI_TOTAL_LOAD_YEARAHEAD_202012312300-202112312300.csv,2021-01-04,2022-01-03,Week 39,39,Poland,PL,13121.2,14391.04,23623.4,24700.0,2022,2026-07-06 20:09:35
GUI_TOTAL_LOAD_YEARAHEAD_202012312300-202112312300.csv,2021-01-04,2022-01-03,Week 40,40,Poland,PL,13447.3,13744.75,23606.43,25300.0,2022,2026-07-06 20:09:35
GUI_TOTAL_LOAD_YEARAHEAD_202012312300-202112312300.csv,2021-01-04,2022-01-03,Week 41,41,Poland,PL,13477.8,14309.45,23746.41,25300.0,2022,2026-07-06 20:09:35
GUI_TOTAL_LOAD_YEARAHEAD_202012312300-202112312300.csv,2021-01-04,2022-01-03,Week 42,42,Poland,PL,13805.3,14752.74,24430.4,25300.0,2022,2026-07-06 20:09:35
GUI_TOTAL_LOAD_YEARAHEAD_202012312300-202112312300.csv,2021-01-04,2022-01-03,Week 43,43,Poland,PL,14135.6,14707.51,23985.55,25300.0,2022,2026-07-06 20:09:35
GUI_TOTAL_LOAD_YEARAHEAD_202012312300-202112312300.csv,2021-01-04,2022-01-03,Week 44,44,Poland,PL,13914.0,13938.16,24240.88,25300.0,2022,2026-07-06 20:09:35
GUI_TOTAL_LOAD_YEARAHEAD_202012312300-202112312300.csv,2021-01-04,2022-01-03,Week 45,45,Poland,PL,13774.4,13478.5,24705.89,26800.0,2022,2026-07-06 20:09:35
GUI_TOTAL_LOAD_YEARAHEAD_202012312300-202112312300.csv,2021-01-04,2022-01-03,Week 46,46,Poland,PL,14441.2,15072.46,24956.96,26800.0,2022,2026-07-06 20:09:35
GUI_TOTAL_LOAD_YEARAHEAD_202012312300-202112312300.csv,2021-01-04,2022-01-03,Week 47,47,Poland,PL,14302.0,14669.83,25548.11,26800.0,2022,2026-07-06 20:09:35
GUI_TOTAL_LOAD_YEARAHEAD_202012312300-202112312300.csv,2021-01-04,2022-01-03,Week 48,48,Poland,PL,14920.9,15669.95,26058.6,26800.0,2022,2026-07-06 20:09:35
GUI_TOTAL_LOAD_YEARAHEAD_202012312300-202112312300.csv,2021-01-04,2022-01-03,Week 49,49,Poland,PL,15082.2,15786.46,26275.78,27700.0,2022,2026-07-06 20:09:35
GUI_TOTAL_LOAD_YEARAHEAD_202012312300-202112312300.csv,2021-01-04,2022-01-03,Week 50,50,Poland,PL,14790.3,16540.7,27180.2,27700.0,2022,2026-07-06 20:09:35
GUI_TOTAL_LOAD_YEARAHEAD_202012312300-202112312300.csv,2021-01-04,2022-01-03,Week 51,51,Poland,PL,15282.6,15342.71,27008.09,27700.0,2022,2026-07-06 20:09:35
GUI_TOTAL_LOAD_YEARAHEAD_202012312300-202112312300.csv,2021-01-04,2022-01-03,Week 52,52,Poland,PL,12114.0,14039.6,26877.26,27700.0,2022,2026-07-06 20:09:35
GUI_TOTAL_LOAD_YEARAHEAD_202012312300-202112312300.csv,2021-01-04,2022-01-03,Week 1,1,Poland,PL,12638.9,13267.48,25242.39,27800.0,2022,2026-07-06 20:09:35
GUI_TOTAL_LOAD_YEARAHEAD_202112312300-202212312300.csv,2022-01-03,2023-01-02,Week 2,2,Poland,PL,13792.7,14222.64,24401.81,26300.0,2023,2026-07-06 20:09:35
GUI_TOTAL_LOAD_YEARAHEAD_202112312300-202212312300.csv,2022-01-03,2023-01-02,Week 3,3,Poland,PL,15257.5,16129.83,26426.69,26700.0,2023,2026-07-06 20:09:35
GUI_TOTAL_LOAD_YEARAHEAD_202112312300-202212312300.csv,2022-01-03,2023-01-02,Week 4,4,Poland,PL,16461.1,16080.68,25849.05,27200.0,2023,2026-07-06 20:09:35
GUI_TOTAL_LOAD_YEARAHEAD_202112312300-202212312300.csv,2022-01-03,2023-01-02,Week 5,5,Poland,PL,15105.6,15228.38,25907.4,26600.0,2023,2026-07-06 20:09:35
GUI_TOTAL_LOAD_YEARAHEAD_202112312300-202212312300.csv,2022-01-03,2023-01-02,Week 6,6,Poland,PL,15904.7,15432.71,25865.41,26700.0,2023,2026-07-06 20:09:35
GUI_TOTAL_LOAD_YEARAHEAD_202112312300-202212312300.csv,2022-01-03,2023-01-02,Week 7,7,Poland,PL,16211.6,15481.16,25269.21,27500.0,2023,2026-07-06 20:09:35
GUI_TOTAL_LOAD_YEARAHEAD_202112312300-202212312300.csv,2022-01-03,2023-01-02,Week 8,8,Poland,PL,16484.6,14945.03,24537.99,26700.0,2023,2026-07-06 20:09:35
GUI_TOTAL_LOAD_YEARAHEAD_202112312300-202212312300.csv,2022-01-03,2023-01-02,Week 9,9,Poland,PL,15430.4,15528.45,24939.5,26700.0,2023,2026-07-06 20:09:35
GUI_TOTAL_LOAD_YEARAHEAD_202112312300-202212312300.csv,2022-01-03,2023-01-02,Week 10,10,Poland,PL,14797.6,16239.29,25535.99,26700.0,2023,2026-07-06 20:09:35
GUI_TOTAL_LOAD_YEARAHEAD_202112312300-202212312300.csv,2022-01-03,2023-01-02,Week 11,11,Poland,PL,14767.8,15809.93,25227.15,25500.0,2023,2026-07-06 20:09:35
GUI_TOTAL_LOAD_YEARAHEAD_202112312300-202212312300.csv,2022-01-03,2023-01-02,Week 12,12,Poland,PL,14364.8,15011.71,24503.89,25400.0,2023,2026-07-06 20:09:35
GUI_TOTAL_LOAD_YEARAHEAD_202112312300-202212312300.csv,2022-01-03,2023-01-02,Week 13,13,Poland,PL,14979.6,15120.53,24209.94,25400.0,2023,2026-07-06 20:09:35
GUI_TOTAL_LOAD_YEARAHEAD_202112312300-202212312300.csv,2022-01-03,2023-01-02,Week 14,14,Poland,PL,14740.3,15314.48,24882.06,24800.0,2023,2026-07-06 20:09:35
GUI_TOTAL_LOAD_YEARAHEAD_202112312300-202212312300.csv,2022-01-03,2023-01-02,Week 15,15,Poland,PL,12482.5,15121.41,24399.16,24500.0,2023,2026-07-06 20:09:35
GUI_TOTAL_LOAD_YEARAHEAD_202112312300-202212312300.csv,2022-01-03,2023-01-02,Week 16,16,Poland,PL,13537.5,13292.81,24183.06,24700.0,2023,2026-07-06 20:09:35
GUI_TOTAL_LOAD_YEARAHEAD_202112312300-202212312300.csv,2022-01-03,2023-01-02,Week 17,17,Poland,PL,13754.7,13004.56,23890.39,23600.0,2023,2026-07-06 20:09:35
GUI_TOTAL_LOAD_YEARAHEAD_202112312300-202212312300.csv,2022-01-03,2023-01-02,Week 18,18,Poland,PL,13587.6,13531.4,23436.79,23500.0,2023,2026-07-06 20:09:35
GUI_TOTAL_LOAD_YEARAHEAD_202112312300-202212312300.csv,2022-01-03,2023-01-02,Week 19,19,Poland,PL,12575.1,13410.75,22248.81,23300.0,2023,2026-07-06 20:09:35
GUI_TOTAL_LOAD_YEARAHEAD_202112312300-202212312300.csv,2022-01-03,2023-01-02,Week 20,20,Poland,PL,13070.1,13049.31,22283.68,23200.0,2023,2026-07-06 20:09:35
GUI_TOTAL_LOAD_YEARAHEAD_202112312300-202212312300.csv,2022-01-03,2023-01-02,Week 21,21,Poland,PL,12580.1,12881.73,21925.91,23600.0,2023,2026-07-06 20:09:35
GUI_TOTAL_LOAD_YEARAHEAD_202112312300-202212312300.csv,2022-01-03,2023-01-02,Week 22,22,Poland,PL,12502.1,13031.88,22511.2,23200.0,2023,2026-07-06 20:09:35
GUI_TOTAL_LOAD_YEARAHEAD_202112312300-202212312300.csv,2022-01-03,2023-01-02,Week 23,23,Poland,PL,12619.5,12852.49,22085.53,23300.0,2023,2026-07-06 20:09:35
GUI_TOTAL_LOAD_YEARAHEAD_202112312300-202212312300.csv,2022-01-03,2023-01-02,Week 24,24,Poland,PL,12056.8,12947.16,22646.29,23800.0,2023,2026-07-06 20:09:35
GUI_TOTAL_LOAD_YEARAHEAD_202112312300-202212312300.csv,2022-01-03,2023-01-02,Week 25,25,Poland,PL,12228.3,12877.94,22034.65,24600.0,2023,2026-07-06 20:09:35
GUI_TOTAL_LOAD_YEARAHEAD_202112312300-202212312300.csv,2022-01-03,2023-01-02,Week 26,26,Poland,PL,13011.4,13525.13,23049.5,24400.0,2023,2026-07-06 20:09:35
GUI_TOTAL_LOAD_YEARAHEAD_202112312300-202212312300.csv,2022-01-03,2023-01-02,Week 27,27,Poland,PL,12853.7,13035.93,23513.79,24600.0,2023,2026-07-06 20:09:35
GUI_TOTAL_LOAD_YEARAHEAD_202112312300-202212312300.csv,2022-01-03,2023-01-02,Week 28,28,Poland,PL,12863.9,12797.23,22778.24,24300.0,2023,2026-07-06 20:09:35
GUI_TOTAL_LOAD_YEARAHEAD_202112312300-202212312300.csv,2022-01-03,2023-01-02,Week 29,29,Poland,PL,12925.9,12743.34,21969.31,24600.0,2023,2026-07-06 20:09:35
GUI_TOTAL_LOAD_YEARAHEAD_202112312300-202212312300.csv,2022-01-03,2023-01-02,Week 30,30,Poland,PL,13285.1,13298.38,23078.09,24300.0,2023,2026-07-06 20:09:35
GUI_TOTAL_LOAD_YEARAHEAD_202112312300-202212312300.csv,2022-01-03,2023-01-02,Week 31,31,Poland,PL,13016.0,13051.91,22285.53,24000.0,2023,2026-07-06 20:09:35
GUI_TOTAL_LOAD_YEARAHEAD_202112312300-202212312300.csv,2022-01-03,2023-01-02,Week 32,32,Poland,PL,12797.4,12759.91,21904.35,23900.0,2023,2026-07-06 20:09:35
GUI_TOTAL_LOAD_YEARAHEAD_202112312300-202212312300.csv,2022-01-03,2023-01-02,Week 33,33,Poland,PL,12637.1,12976.59,21490.76,23700.0,2023,2026-07-06 20:09:35
GUI_TOTAL_LOAD_YEARAHEAD_202112312300-202212312300.csv,2022-01-03,2023-01-02,Week 34,34,Poland,PL,12780.0,12748.98,23375.1,23400.0,2023,2026-07-06 20:09:35
GUI_TOTAL_LOAD_YEARAHEAD_202112312300-202212312300.csv,2022-01-03,2023-01-02,Week 35,35,Poland,PL,13092.8,13717.33,23134.39,23500.0,2023,2026-07-06 20:09:35
GUI_TOTAL_LOAD_YEARAHEAD_202112312300-202212312300.csv,2022-01-03,2023-01-02,Week 36,36,Poland,PL,13235.8,12987.08,22245.4,24100.0,2023,2026-07-06 20:09:35
GUI_TOTAL_LOAD_YEARAHEAD_202112312300-202212312300.csv,2022-01-03,2023-01-02,Week 37,37,Poland,PL,13486.4,13157.19,22128.28,23600.0,2023,2026-07-06 20:09:35
GUI_TOTAL_LOAD_YEARAHEAD_202112312300-202212312300.csv,2022-01-03,2023-01-02,Week 38,38,Poland,PL,13677.4,13293.41,22187.7,23900.0,2023,2026-07-06 20:09:35
GUI_TOTAL_LOAD_YEARAHEAD_202112312300-202212312300.csv,2022-01-03,2023-01-02,Week 39,39,Poland,PL,13689.8,13570.64,22765.19,24100.0,2023,2026-07-06 20:09:35
GUI_TOTAL_LOAD_YEARAHEAD_202112312300-202212312300.csv,2022-01-03,2023-01-02,Week 40,40,Poland,PL,14201.3,13348.03,23060.58,24200.0,2023,2026-07-06 20:09:35
GUI_TOTAL_LOAD_YEARAHEAD_202112312300-202212312300.csv,2022-01-03,2023-01-02,Week 41,41,Poland,PL,13608.8,13566.06,23189.51,24600.0,2023,2026-07-06 20:09:35
GUI_TOTAL_LOAD_YEARAHEAD_202112312300-202212312300.csv,2022-01-03,2023-01-02,Week 42,42,Poland,PL,14468.8,13630.05,23421.18,24900.0,2023,2026-07-06 20:09:35
GUI_TOTAL_LOAD_YEARAHEAD_202112312300-202212312300.csv,2022-01-03,2023-01-02,Week 43,43,Poland,PL,14647.8,13890.58,23294.18,24800.0,2023,2026-07-06 20:09:35
GUI_TOTAL_LOAD_YEARAHEAD_202112312300-202212312300.csv,2022-01-03,2023-01-02,Week 44,44,Poland,PL,14649.7,13389.65,23422.8,25000.0,2023,2026-07-06 20:09:35
GUI_TOTAL_LOAD_YEARAHEAD_202112312300-202212312300.csv,2022-01-03,2023-01-02,Week 45,45,Poland,PL,13407.4,13325.18,23488.98,25400.0,2023,2026-07-06 20:09:35
GUI_TOTAL_LOAD_YEARAHEAD_202112312300-202212312300.csv,2022-01-03,2023-01-02,Week 46,46,Poland,PL,14721.7,13885.2,23622.48,25500.0,2023,2026-07-06 20:09:35
GUI_TOTAL_LOAD_YEARAHEAD_202112312300-202212312300.csv,2022-01-03,2023-01-02,Week 47,47,Poland,PL,14969.4,14595.58,25581.79,26100.0,2023,2026-07-06 20:09:35
GUI_TOTAL_LOAD_YEARAHEAD_202112312300-202212312300.csv,2022-01-03,2023-01-02,Week 48,48,Poland,PL,14526.4,15367.01,26521.86,26600.0,2023,2026-07-06 20:09:35
GUI_TOTAL_LOAD_YEARAHEAD_202112312300-202212312300.csv,2022-01-03,2023-01-02,Week 49,49,Poland,PL,15815.5,15481.43,26537.04,26900.0,2023,2026-07-06 20:09:35
GUI_TOTAL_LOAD_YEARAHEAD_202112312300-202212312300.csv,2022-01-03,2023-01-02,Week 50,50,Poland,PL,15606.5,15691.13,26012.09,27200.0,2023,2026-07-06 20:09:35
GUI_TOTAL_LOAD_YEARAHEAD_202112312300-202212312300.csv,2022-01-03,2023-01-02,Week 51,51,Poland,PL,16639.5,16422.93,27211.43,27100.0,2023,2026-07-06 20:09:35
GUI_TOTAL_LOAD_YEARAHEAD_202112312300-202212312300.csv,2022-01-03,2023-01-02,Week 52,52,Poland,PL,14501.9,12683.7,26763.84,27200.0,2023,2026-07-06 20:09:35
GUI_TOTAL_LOAD_YEARAHEAD_202112312300-202212312300.csv,2022-01-03,2023-01-02,Week 53,53,Poland,PL,12664.3,11454.2,21867.99,26100.0,2023,2026-07-06 20:09:35
GUI_TOTAL_LOAD_YEARAHEAD_202212312300-202312312300.csv,2023-01-02,2024-01-01,Week 1,1,Poland,PL,13194.6,12463.01,23544.26,27000.0,2024,2026-07-06 20:09:35
GUI_TOTAL_LOAD_YEARAHEAD_202212312300-202312312300.csv,2023-01-02,2024-01-01,Week 2,2,Poland,PL,15598.6,13533.16,24318.59,27100.0,2024,2026-07-06 20:09:35
GUI_TOTAL_LOAD_YEARAHEAD_202212312300-202312312300.csv,2023-01-02,2024-01-01,Week 3,3,Poland,PL,15994.3,15115.88,25876.31,27400.0,2024,2026-07-06 20:09:35
GUI_TOTAL_LOAD_YEARAHEAD_202212312300-202312312300.csv,2023-01-02,2024-01-01,Week 4,4,Poland,PL,16189.4,15370.59,25794.13,26900.0,2024,2026-07-06 20:09:35
GUI_TOTAL_LOAD_YEARAHEAD_202212312300-202312312300.csv,2023-01-02,2024-01-01,Week 5,5,Poland,PL,15093.8,15608.76,25520.99,27000.0,2024,2026-07-06 20:09:35
GUI_TOTAL_LOAD_YEARAHEAD_202212312300-202312312300.csv,2023-01-02,2024-01-01,Week 6,6,Poland,PL,15320.1,15318.84,25888.86,27700.0,2024,2026-07-06 20:09:35
GUI_TOTAL_LOAD_YEARAHEAD_202212312300-202312312300.csv,2023-01-02,2024-01-01,Week 7,7,Poland,PL,15303.4,14396.15,24306.9,26900.0,2024,2026-07-06 20:09:35
GUI_TOTAL_LOAD_YEARAHEAD_202212312300-202312312300.csv,2023-01-02,2024-01-01,Week 8,8,Poland,PL,14751.2,14838.38,23888.04,27000.0,2024,2026-07-06 20:09:35
GUI_TOTAL_LOAD_YEARAHEAD_202212312300-202312312300.csv,2023-01-02,2024-01-01,Week 9,9,Poland,PL,15591.7,15109.15,24877.14,26700.0,2024,2026-07-06 20:09:35
GUI_TOTAL_LOAD_YEARAHEAD_202212312300-202312312300.csv,2023-01-02,2024-01-01,Week 10,10,Poland,PL,16068.4,15176.48,24715.68,25800.0,2024,2026-07-06 20:09:35
GUI_TOTAL_LOAD_YEARAHEAD_202212312300-202312312300.csv,2023-01-02,2024-01-01,Week 11,11,Poland,PL,15567.7,14268.85,24114.43,25600.0,2024,2026-07-06 20:09:35
GUI_TOTAL_LOAD_YEARAHEAD_202212312300-202312312300.csv,2023-01-02,2024-01-01,Week 12,12,Poland,PL,14904.8,13737.79,23454.44,25700.0,2024,2026-07-06 20:09:35
GUI_TOTAL_LOAD_YEARAHEAD_202212312300-202312312300.csv,2023-01-02,2024-01-01,Week 13,13,Poland,PL,14901.5,13828.89,23567.31,25300.0,2024,2026-07-06 20:09:35
GUI_TOTAL_LOAD_YEARAHEAD_202212312300-202312312300.csv,2023-01-02,2024-01-01,Week 14,14,Poland,PL,15350.9,12566.74,23886.59,25200.0,2024,2026-07-06 20:09:35
GUI_TOTAL_LOAD_YEARAHEAD_202212312300-202312312300.csv,2023-01-02,2024-01-01,Week 15,15,Poland,PL,14957.4,12233.08,22484.08,25300.0,2024,2026-07-06 20:09:35
GUI_TOTAL_LOAD_YEARAHEAD_202212312300-202312312300.csv,2023-01-02,2024-01-01,Week 16,16,Poland,PL,12802.8,12711.96,22757.43,24500.0,2024,2026-07-06 20:09:35
GUI_TOTAL_LOAD_YEARAHEAD_202212312300-202312312300.csv,2023-01-02,2024-01-01,Week 17,17,Poland,PL,14678.8,12706.69,22269.08,24200.0,2024,2026-07-06 20:09:35
GUI_TOTAL_LOAD_YEARAHEAD_202212312300-202312312300.csv,2023-01-02,2024-01-01,Week 18,18,Poland,PL,13339.1,12237.03,20292.45,23400.0,2024,2026-07-06 20:09:35
GUI_TOTAL_LOAD_YEARAHEAD_202212312300-202312312300.csv,2023-01-02,2024-01-01,Week 19,19,Poland,PL,13169.5,12501.1,21147.94,23400.0,2024,2026-07-06 20:09:35
GUI_TOTAL_LOAD_YEARAHEAD_202212312300-202312312300.csv,2023-01-02,2024-01-01,Week 20,20,Poland,PL,12937.1,12097.94,22400.36,23800.0,2024,2026-07-06 20:09:35
GUI_TOTAL_LOAD_YEARAHEAD_202212312300-202312312300.csv,2023-01-02,2024-01-01,Week 21,21,Poland,PL,12711.3,11824.45,20997.48,23400.0,2024,2026-07-06 20:09:35
GUI_TOTAL_LOAD_YEARAHEAD_202212312300-202312312300.csv,2023-01-02,2024-01-01,Week 22,22,Poland,PL,12936.8,11731.24,20281.05,23500.0,2024,2026-07-06 20:09:35
GUI_TOTAL_LOAD_YEARAHEAD_202212312300-202312312300.csv,2023-01-02,2024-01-01,Week 23,23,Poland,PL,12664.9,11469.16,20587.44,23900.0,2024,2026-07-06 20:09:35
GUI_TOTAL_LOAD_YEARAHEAD_202212312300-202312312300.csv,2023-01-02,2024-01-01,Week 24,24,Poland,PL,12850.4,12278.74,21287.43,24900.0,2024,2026-07-06 20:09:35
GUI_TOTAL_LOAD_YEARAHEAD_202212312300-202312312300.csv,2023-01-02,2024-01-01,Week 25,25,Poland,PL,12804.3,12306.69,22502.59,24600.0,2024,2026-07-06 20:09:35
GUI_TOTAL_LOAD_YEARAHEAD_202212312300-202312312300.csv,2023-01-02,2024-01-01,Week 26,26,Poland,PL,13419.7,12164.65,21320.24,24701.0,2024,2026-07-06 20:09:35
GUI_TOTAL_LOAD_YEARAHEAD_202212312300-202312312300.csv,2023-01-02,2024-01-01,Week 27,27,Poland,PL,12913.1,12226.95,21160.38,24600.0,2024,2026-07-06 20:09:35
GUI_TOTAL_LOAD_YEARAHEAD_202212312300-202312312300.csv,2023-01-02,2024-01-01,Week 28,28,Poland,PL,12635.9,12430.35,22532.71,24900.0,2024,2026-07-06 20:09:35
GUI_TOTAL_LOAD_YEARAHEAD_202212312300-202312312300.csv,2023-01-02,2024-01-01,Week 29,29,Poland,PL,12566.9,11793.95,21946.91,24600.0,2024,2026-07-06 20:09:35
GUI_TOTAL_LOAD_YEARAHEAD_202212312300-202312312300.csv,2023-01-02,2024-01-01,Week 30,30,Poland,PL,13223.2,12061.25,20977.88,24300.0,2024,2026-07-06 20:09:35
GUI_TOTAL_LOAD_YEARAHEAD_202212312300-202312312300.csv,2023-01-02,2024-01-01,Week 31,31,Poland,PL,13017.0,11969.86,20527.4,24200.0,2024,2026-07-06 20:09:35
GUI_TOTAL_LOAD_YEARAHEAD_202212312300-202312312300.csv,2023-01-02,2024-01-01,Week 32,32,Poland,PL,12678.8,12067.9,20443.15,23800.0,2024,2026-07-06 20:09:35
GUI_TOTAL_LOAD_YEARAHEAD_202212312300-202312312300.csv,2023-01-02,2024-01-01,Week 33,33,Poland,PL,12649.7,12641.58,22132.0,23700.0,2024,2026-07-06 20:09:35
GUI_TOTAL_LOAD_YEARAHEAD_202212312300-202312312300.csv,2023-01-02,2024-01-01,Week 34,34,Poland,PL,13463.0,13102.96,22353.7,23500.0,2024,2026-07-06 20:09:35
GUI_TOTAL_LOAD_YEARAHEAD_202212312300-202312312300.csv,2023-01-02,2024-01-01,Week 35,35,Poland,PL,13505.6,12892.68,22484.99,24400.0,2024,2026-07-06 20:09:35
GUI_TOTAL_LOAD_YEARAHEAD_202212312300-202312312300.csv,2023-01-02,2024-01-01,Week 36,36,Poland,PL,12712.6,12908.1,22199.14,23800.0,2024,2026-07-06 20:09:35
GUI_TOTAL_LOAD_YEARAHEAD_202212312300-202312312300.csv,2023-01-02,2024-01-01,Week 37,37,Poland,PL,12992.1,12615.99,22961.83,24100.0,2024,2026-07-06 20:09:35
GUI_TOTAL_LOAD_YEARAHEAD_202212312300-202312312300.csv,2023-01-02,2024-01-01,Week 38,38,Poland,PL,13054.9,12690.49,22393.09,24400.0,2024,2026-07-06 20:09:35
GUI_TOTAL_LOAD_YEARAHEAD_202212312300-202312312300.csv,2023-01-02,2024-01-01,Week 39,39,Poland,PL,13514.0,12633.45,22606.24,24400.0,2024,2026-07-06 20:09:35
GUI_TOTAL_LOAD_YEARAHEAD_202212312300-202312312300.csv,2023-01-02,2024-01-01,Week 40,40,Poland,PL,13232.9,12982.51,22543.4,25000.0,2024,2026-07-06 20:09:35
GUI_TOTAL_LOAD_YEARAHEAD_202212312300-202312312300.csv,2023-01-02,2024-01-01,Week 41,41,Poland,PL,13470.0,13208.74,23250.76,25200.0,2024,2026-07-06 20:09:35
GUI_TOTAL_LOAD_YEARAHEAD_202212312300-202312312300.csv,2023-01-02,2024-01-01,Week 42,42,Poland,PL,13562.0,13827.93,23561.38,25100.0,2024,2026-07-06 20:09:35
GUI_TOTAL_LOAD_YEARAHEAD_202212312300-202312312300.csv,2023-01-02,2024-01-01,Week 43,43,Poland,PL,13795.3,13729.98,23672.44,25200.0,2024,2026-07-06 20:09:35
GUI_TOTAL_LOAD_YEARAHEAD_202212312300-202312312300.csv,2023-01-02,2024-01-01,Week 44,44,Poland,PL,13190.4,13229.11,23092.55,25700.0,2024,2026-07-06 20:09:35
GUI_TOTAL_LOAD_YEARAHEAD_202212312300-202312312300.csv,2023-01-02,2024-01-01,Week 45,45,Poland,PL,13904.4,13721.26,23637.71,26300.0,2024,2026-07-06 20:09:35
GUI_TOTAL_LOAD_YEARAHEAD_202212312300-202312312300.csv,2023-01-02,2024-01-01,Week 46,46,Poland,PL,13778.0,14603.93,24829.58,26500.0,2024,2026-07-06 20:09:35
GUI_TOTAL_LOAD_YEARAHEAD_202212312300-202312312300.csv,2023-01-02,2024-01-01,Week 47,47,Poland,PL,15957.9,15181.85,25556.16,26900.0,2024,2026-07-06 20:09:35
GUI_TOTAL_LOAD_YEARAHEAD_202212312300-202312312300.csv,2023-01-02,2024-01-01,Week 48,48,Poland,PL,15246.6,16314.3,26795.08,27300.0,2024,2026-07-06 20:09:35
GUI_TOTAL_LOAD_YEARAHEAD_202212312300-202312312300.csv,2023-01-02,2024-01-01,Week 49,49,Poland,PL,15387.3,15767.61,27105.73,27500.0,2024,2026-07-06 20:09:35
GUI_TOTAL_LOAD_YEARAHEAD_202212312300-202312312300.csv,2023-01-02,2024-01-01,Week 50,50,Poland,PL,15775.2,14999.86,25795.04,27500.0,2024,2026-07-06 20:09:35
GUI_TOTAL_LOAD_YEARAHEAD_202212312300-202312312300.csv,2023-01-02,2024-01-01,Week 51,51,Poland,PL,15236.6,13787.89,24915.56,27600.0,2024,2026-07-06 20:09:35
GUI_TOTAL_LOAD_YEARAHEAD_202212312300-202312312300.csv,2023-01-02,2024-01-01,Week 52,52,Poland,PL,14000.1,12183.24,21543.45,26800.0,2024,2026-07-06 20:09:35
GUI_TOTAL_LOAD_YEARAHEAD_202312312300-202412312300.csv,2024-01-01,2024-12-30,Week 1,1,Poland,PL,11899.0,12708.3,24524.25,23216.0,2024,2026-07-06 20:09:35
GUI_TOTAL_LOAD_YEARAHEAD_202312312300-202412312300.csv,2024-01-01,2024-12-30,Week 2,2,Poland,PL,15355.0,16109.48,28303.88,26378.0,2024,2026-07-06 20:09:35
GUI_TOTAL_LOAD_YEARAHEAD_202312312300-202412312300.csv,2024-01-01,2024-12-30,Week 3,3,Poland,PL,14793.0,15912.9,26694.71,25441.0,2024,2026-07-06 20:09:35
GUI_TOTAL_LOAD_YEARAHEAD_202312312300-202412312300.csv,2024-01-01,2024-12-30,Week 4,4,Poland,PL,14176.0,15147.48,25181.83,24270.0,2024,2026-07-06 20:09:35
GUI_TOTAL_LOAD_YEARAHEAD_202312312300-202412312300.csv,2024-01-01,2024-12-30,Week 5,5,Poland,PL,13811.0,14461.94,24823.66,23891.0,2024,2026-07-06 20:09:35
GUI_TOTAL_LOAD_YEARAHEAD_202312312300-202412312300.csv,2024-01-01,2024-12-30,Week 6,6,Poland,PL,13634.0,14369.21,24776.66,23381.0,2024,2026-07-06 20:09:35
GUI_TOTAL_LOAD_YEARAHEAD_202312312300-202412312300.csv,2024-01-01,2024-12-30,Week 7,7,Poland,PL,13863.0,14918.84,24146.55,22707.0,2024,2026-07-06 20:09:35
GUI_TOTAL_LOAD_YEARAHEAD_202312312300-202412312300.csv,2024-01-01,2024-12-30,Week 8,8,Poland,PL,13552.0,14626.28,24768.54,23158.0,2024,2026-07-06 20:09:35
GUI_TOTAL_LOAD_YEARAHEAD_202312312300-202412312300.csv,2024-01-01,2024-12-30,Week 9,9,Poland,PL,13033.0,14110.69,23809.63,22464.0,2024,2026-07-06 20:09:35
GUI_TOTAL_LOAD_YEARAHEAD_202312312300-202412312300.csv,2024-01-01,2024-12-30,Week 10,10,Poland,PL,13348.0,14376.44,24379.48,23087.0,2024,2026-07-06 20:09:35
GUI_TOTAL_LOAD_YEARAHEAD_202312312300-202412312300.csv,2024-01-01,2024-12-30,Week 11,11,Poland,PL,13437.0,14071.85,24050.98,23042.0,2024,2026-07-06 20:09:35
GUI_TOTAL_LOAD_YEARAHEAD_202312312300-202412312300.csv,2024-01-01,2024-12-30,Week 12,12,Poland,PL,13415.0,14307.35,24409.01,22965.0,2024,2026-07-06 20:09:35
GUI_TOTAL_LOAD_YEARAHEAD_202312312300-202412312300.csv,2024-01-01,2024-12-30,Week 13,13,Poland,PL,10810.0,11922.95,24165.9,22295.0,2024,2026-07-06 20:09:35
GUI_TOTAL_LOAD_YEARAHEAD_202312312300-202412312300.csv,2024-01-01,2024-12-30,Week 14,14,Poland,PL,10690.0,11514.29,22790.35,21349.0,2024,2026-07-06 20:09:35
GUI_TOTAL_LOAD_YEARAHEAD_202312312300-202412312300.csv,2024-01-01,2024-12-30,Week 15,15,Poland,PL,12298.0,13177.33,22297.05,20983.0,2024,2026-07-06 20:09:35
GUI_TOTAL_LOAD_YEARAHEAD_202312312300-202412312300.csv,2024-01-01,2024-12-30,Week 16,16,Poland,PL,12975.0,14129.98,22958.48,21607.0,2024,2026-07-06 20:09:35
GUI_TOTAL_LOAD_YEARAHEAD_202312312300-202412312300.csv,2024-01-01,2024-12-30,Week 17,17,Poland,PL,12182.0,13228.05,23582.73,21951.0,2024,2026-07-06 20:09:35
GUI_TOTAL_LOAD_YEARAHEAD_202312312300-202412312300.csv,2024-01-01,2024-12-30,Week 18,18,Poland,PL,11172.0,11786.35,21213.63,20211.0,2024,2026-07-06 20:09:35
GUI_TOTAL_LOAD_YEARAHEAD_202312312300-202412312300.csv,2024-01-01,2024-12-30,Week 19,19,Poland,PL,12037.0,12772.55,21505.78,20614.0,2024,2026-07-06 20:09:35
GUI_TOTAL_LOAD_YEARAHEAD_202312312300-202412312300.csv,2024-01-01,2024-12-30,Week 20,20,Poland,PL,11564.0,12760.8,21539.54,20476.0,2024,2026-07-06 20:09:35
GUI_TOTAL_LOAD_YEARAHEAD_202312312300-202412312300.csv,2024-01-01,2024-12-30,Week 21,21,Poland,PL,11979.0,12968.59,21903.6,20705.0,2024,2026-07-06 20:09:35
GUI_TOTAL_LOAD_YEARAHEAD_202312312300-202412312300.csv,2024-01-01,2024-12-30,Week 22,22,Poland,PL,11621.0,12485.81,21744.96,20426.0,2024,2026-07-06 20:09:35
GUI_TOTAL_LOAD_YEARAHEAD_202312312300-202412312300.csv,2024-01-01,2024-12-30,Week 23,23,Poland,PL,11789.0,12553.09,21596.03,20667.0,2024,2026-07-06 20:09:35
GUI_TOTAL_LOAD_YEARAHEAD_202312312300-202412312300.csv,2024-01-01,2024-12-30,Week 24,24,Poland,PL,11906.0,11807.507,21812.81,20879.0,2024,2026-07-06 20:09:35
GUI_TOTAL_LOAD_YEARAHEAD_202312312300-202412312300.csv,2024-01-01,2024-12-30,Week 25,25,Poland,PL,11856.0,12022.393,21167.92,22104.0,2024,2026-07-06 20:09:35
GUI_TOTAL_LOAD_YEARAHEAD_202312312300-202412312300.csv,2024-01-01,2024-12-30,Week 26,26,Poland,PL,12163.0,12552.942,22290.695,22238.0,2024,2026-07-06 20:09:35
GUI_TOTAL_LOAD_YEARAHEAD_202312312300-202412312300.csv,2024-01-01,2024-12-30,Week 27,27,Poland,PL,12181.0,12169.702,21870.607,21800.0,2024,2026-07-06 20:09:35
GUI_TOTAL_LOAD_YEARAHEAD_202312312300-202412312300.csv,2024-01-01,2024-12-30,Week 28,28,Poland,PL,12150.0,12252.156,22609.532,21825.0,2024,2026-07-06 20:09:35
GUI_TOTAL_LOAD_YEARAHEAD_202312312300-202412312300.csv,2024-01-01,2024-12-30,Week 29,29,Poland,PL,12569.0,12132.126,22050.981,21725.0,2024,2026-07-06 20:09:35
GUI_TOTAL_LOAD_YEARAHEAD_202312312300-202412312300.csv,2024-01-01,2024-12-30,Week 30,30,Poland,PL,12194.0,12162.816,20792.121,20936.0,2024,2026-07-06 20:09:35
GUI_TOTAL_LOAD_YEARAHEAD_202312312300-202412312300.csv,2024-01-01,2024-12-30,Week 31,31,Poland,PL,11950.0,11646.489,20575.306,20676.0,2024,2026-07-06 20:09:35
GUI_TOTAL_LOAD_YEARAHEAD_202312312300-202412312300.csv,2024-01-01,2024-12-30,Week 32,32,Poland,PL,11987.0,11816.453,20400.141,20345.0,2024,2026-07-06 20:09:35
GUI_TOTAL_LOAD_YEARAHEAD_202312312300-202412312300.csv,2024-01-01,2024-12-30,Week 33,33,Poland,PL,11869.0,12052.611,19817.546,19929.0,2024,2026-07-06 20:09:35
GUI_TOTAL_LOAD_YEARAHEAD_202312312300-202412312300.csv,2024-01-01,2024-12-30,Week 34,34,Poland,PL,12225.0,12324.479,21589.683,22230.0,2024,2026-07-06 20:09:35
GUI_TOTAL_LOAD_YEARAHEAD_202312312300-202412312300.csv,2024-01-01,2024-12-30,Week 35,35,Poland,PL,12293.0,12300.04,21752.177,21641.0,2024,2026-07-06 20:09:35
GUI_TOTAL_LOAD_YEARAHEAD_202312312300-202412312300.csv,2024-01-01,2024-12-30,Week 36,36,Poland,PL,12606.0,12253.894,21447.655,21968.0,2024,2026-07-06 20:09:35
GUI_TOTAL_LOAD_YEARAHEAD_202312312300-202412312300.csv,2024-01-01,2024-12-30,Week 37,37,Poland,PL,12350.0,12733.543,21307.241,21249.0,2024,2026-07-06 20:09:35
GUI_TOTAL_LOAD_YEARAHEAD_202312312300-202412312300.csv,2024-01-01,2024-12-30,Week 38,38,Poland,PL,11975.0,12079.001,21020.94,21175.0,2024,2026-07-06 20:09:35
GUI_TOTAL_LOAD_YEARAHEAD_202312312300-202412312300.csv,2024-01-01,2024-12-30,Week 39,39,Poland,PL,12200.0,12097.579,21254.565,21282.0,2024,2026-07-06 20:09:35
GUI_TOTAL_LOAD_YEARAHEAD_202312312300-202412312300.csv,2024-01-01,2024-12-30,Week 40,40,Poland,PL,12906.0,12959.716,22300.822,22538.0,2024,2026-07-06 20:09:35
GUI_TOTAL_LOAD_YEARAHEAD_202312312300-202412312300.csv,2024-01-01,2024-12-30,Week 41,41,Poland,PL,13549.0,12603.36,22022.074,22038.0,2024,2026-07-06 20:09:35
GUI_TOTAL_LOAD_YEARAHEAD_202312312300-202412312300.csv,2024-01-01,2024-12-30,Week 42,42,Poland,PL,12963.0,12887.841,22513.716,22244.0,2024,2026-07-06 20:09:35
GUI_TOTAL_LOAD_YEARAHEAD_202312312300-202412312300.csv,2024-01-01,2024-12-30,Week 43,43,Poland,PL,13083.0,12669.978,22277.023,22094.0,2024,2026-07-06 20:09:35
GUI_TOTAL_LOAD_YEARAHEAD_202312312300-202412312300.csv,2024-01-01,2024-12-30,Week 44,44,Poland,PL,12450.0,12181.514,22651.81,22318.0,2024,2026-07-06 20:09:35
GUI_TOTAL_LOAD_YEARAHEAD_202312312300-202412312300.csv,2024-01-01,2024-12-30,Week 45,45,Poland,PL,13387.0,13509.54,23558.325,23488.0,2024,2026-07-06 20:09:35
GUI_TOTAL_LOAD_YEARAHEAD_202312312300-202412312300.csv,2024-01-01,2024-12-30,Week 46,46,Poland,PL,13606.0,13522.166,24296.495,23988.0,2024,2026-07-06 20:09:35
GUI_TOTAL_LOAD_YEARAHEAD_202312312300-202412312300.csv,2024-01-01,2024-12-30,Week 47,47,Poland,PL,14256.0,14269.902,24550.658,24720.0,2024,2026-07-06 20:09:35
GUI_TOTAL_LOAD_YEARAHEAD_202312312300-202412312300.csv,2024-01-01,2024-12-30,Week 48,48,Poland,PL,14175.0,14359.142,24292.044,23975.0,2024,2026-07-06 20:09:35
GUI_TOTAL_LOAD_YEARAHEAD_202312312300-202412312300.csv,2024-01-01,2024-12-30,Week 49,49,Poland,PL,14275.0,14350.913,24547.481,24394.0,2024,2026-07-06 20:09:35
GUI_TOTAL_LOAD_YEARAHEAD_202312312300-202412312300.csv,2024-01-01,2024-12-30,Week 50,50,Poland,PL,14600.0,14678.018,24980.744,24781.0,2024,2026-07-06 20:09:35
GUI_TOTAL_LOAD_YEARAHEAD_202312312300-202412312300.csv,2024-01-01,2024-12-30,Week 51,51,Poland,PL,14726.0,14563.526,23639.957,23963.0,2024,2026-07-06 20:09:35
GUI_TOTAL_LOAD_YEARAHEAD_202312312300-202412312300.csv,2024-01-01,2024-12-30,Week 52,52,Poland,PL,12025.0,11955.883,22071.418,22538.0,2024,2026-07-06 20:09:35
GUI_TOTAL_LOAD_YEARAHEAD_202412312300-202512312300.csv,2024-12-30,2025-12-29,Week 1,1,Poland,PL,13169.0,12797.49,22824.065,22456.0,2025,2026-07-06 20:09:35
GUI_TOTAL_LOAD_YEARAHEAD_202412312300-202512312300.csv,2024-12-30,2025-12-29,Week 2,2,Poland,PL,13950.0,14096.059,24606.878,24213.0,2025,2026-07-06 20:09:35
GUI_TOTAL_LOAD_YEARAHEAD_202412312300-202512312300.csv,2024-12-30,2025-12-29,Week 3,3,Poland,PL,14937.0,14862.727,25078.255,24876.0,2025,2026-07-06 20:09:35
GUI_TOTAL_LOAD_YEARAHEAD_202412312300-202512312300.csv,2024-12-30,2025-12-29,Week 4,4,Poland,PL,14179.0,13873.296,24535.848,24568.0,2025,2026-07-06 20:09:35
GUI_TOTAL_LOAD_YEARAHEAD_202412312300-202512312300.csv,2024-12-30,2025-12-29,Week 5,5,Poland,PL,14250.0,14136.881,23513.868,23032.0,2025,2026-07-06 20:09:35
GUI_TOTAL_LOAD_YEARAHEAD_202412312300-202512312300.csv,2024-12-30,2025-12-29,Week 6,6,Poland,PL,14725.0,14400.281,23884.022,24114.0,2025,2026-07-06 20:09:35
GUI_TOTAL_LOAD_YEARAHEAD_202412312300-202512312300.csv,2024-12-30,2025-12-29,Week 7,7,Poland,PL,14931.0,14937.055,24643.714,25226.0,2025,2026-07-06 20:09:35
GUI_TOTAL_LOAD_YEARAHEAD_202412312300-202512312300.csv,2024-12-30,2025-12-29,Week 8,8,Poland,PL,14400.0,14417.048,25135.111,25217.0,2025,2026-07-06 20:09:35
GUI_TOTAL_LOAD_YEARAHEAD_202412312300-202512312300.csv,2024-12-30,2025-12-29,Week 9,9,Poland,PL,14138.0,14126.852,23646.047,23550.0,2025,2026-07-06 20:09:35
GUI_TOTAL_LOAD_YEARAHEAD_202412312300-202512312300.csv,2024-12-30,2025-12-29,Week 10,10,Poland,PL,13343.0,12833.984,22710.678,23528.0,2025,2026-07-06 20:09:35
GUI_TOTAL_LOAD_YEARAHEAD_202412312300-202512312300.csv,2024-12-30,2025-12-29,Week 11,11,Poland,PL,13744.0,13473.515,22964.849,22731.0,2025,2026-07-06 20:09:35
GUI_TOTAL_LOAD_YEARAHEAD_202412312300-202512312300.csv,2024-12-30,2025-12-29,Week 12,12,Poland,PL,12275.0,11831.579,23091.324,23594.0,2025,2026-07-06 20:09:35
GUI_TOTAL_LOAD_YEARAHEAD_202412312300-202512312300.csv,2024-12-30,2025-12-29,Week 13,13,Poland,PL,13113.0,13005.151,22462.596,22613.0,2025,2026-07-06 20:09:35
GUI_TOTAL_LOAD_YEARAHEAD_202412312300-202512312300.csv,2024-12-30,2025-12-29,Week 14,14,Poland,PL,13650.0,13509.408,21899.531,21669.0,2025,2026-07-06 20:09:35
GUI_TOTAL_LOAD_YEARAHEAD_202412312300-202512312300.csv,2024-12-30,2025-12-29,Week 15,15,Poland,PL,13700.0,13003.485,22512.646,22638.0,2025,2026-07-06 20:09:35
GUI_TOTAL_LOAD_YEARAHEAD_202412312300-202512312300.csv,2024-12-30,2025-12-29,Week 16,16,Poland,PL,11775.0,10581.55,21298.92,22738.0,2025,2026-07-06 20:09:35
GUI_TOTAL_LOAD_YEARAHEAD_202412312300-202512312300.csv,2024-12-30,2025-12-29,Week 17,17,Poland,PL,11469.0,10463.962,20869.99,20888.0,2025,2026-07-06 20:09:35
GUI_TOTAL_LOAD_YEARAHEAD_202412312300-202512312300.csv,2024-12-30,2025-12-29,Week 18,18,Poland,PL,12696.0,10763.548,20581.441,21194.0,2025,2026-07-06 20:09:35
GUI_TOTAL_LOAD_YEARAHEAD_202412312300-202512312300.csv,2024-12-30,2025-12-29,Week 19,19,Poland,PL,13248.0,12041.22,20882.97,22632.0,2025,2026-07-06 20:09:35
GUI_TOTAL_LOAD_YEARAHEAD_202412312300-202512312300.csv,2024-12-30,2025-12-29,Week 20,20,Poland,PL,12880.0,12544.624,20972.027,22816.0,2025,2026-07-06 20:09:35
GUI_TOTAL_LOAD_YEARAHEAD_202412312300-202512312300.csv,2024-12-30,2025-12-29,Week 21,21,Poland,PL,13248.0,12214.1,21101.636,22632.0,2025,2026-07-06 20:09:35
GUI_TOTAL_LOAD_YEARAHEAD_202412312300-202512312300.csv,2024-12-30,2025-12-29,Week 22,22,Poland,PL,12788.0,11935.17,20841.054,22724.0,2025,2026-07-06 20:09:35
GUI_TOTAL_LOAD_YEARAHEAD_202412312300-202512312300.csv,2024-12-30,2025-12-29,Week 23,23,Poland,PL,12328.0,11383.22,20702.04,22448.0,2025,2026-07-06 20:09:35
GUI_TOTAL_LOAD_YEARAHEAD_202412312300-202512312300.csv,2024-12-30,2025-12-29,Week 24,24,Poland,PL,11776.0,11536.684,20070.865,22356.0,2025,2026-07-06 20:09:35
GUI_TOTAL_LOAD_YEARAHEAD_202412312300-202512312300.csv,2024-12-30,2025-12-29,Week 25,25,Poland,PL,11408.0,10973.934,20271.176,21896.0,2025,2026-07-06 20:09:35
GUI_TOTAL_LOAD_YEARAHEAD_202412312300-202512312300.csv,2024-12-30,2025-12-29,Week 26,26,Poland,PL,11408.0,11917.422,21489.147,21991.0,2025,2026-07-06 20:09:35
GUI_TOTAL_LOAD_YEARAHEAD_202412312300-202512312300.csv,2024-12-30,2025-12-29,Week 27,27,Poland,PL,11776.0,11766.663,21912.044,21804.0,2025,2026-07-06 20:09:35
GUI_TOTAL_LOAD_YEARAHEAD_202412312300-202512312300.csv,2024-12-30,2025-12-29,Week 28,28,Poland,PL,11868.0,11409.398,20911.578,22264.0,2025,2026-07-06 20:09:35
GUI_TOTAL_LOAD_YEARAHEAD_202412312300-202512312300.csv,2024-12-30,2025-12-29,Week 29,29,Poland,PL,11868.0,11645.78,21249.417,21896.0,2025,2026-07-06 20:09:35
GUI_TOTAL_LOAD_YEARAHEAD_202412312300-202512312300.csv,2024-12-30,2025-12-29,Week 30,30,Poland,PL,11868.0,11887.208,20637.482,21712.0,2025,2026-07-06 20:09:35
GUI_TOTAL_LOAD_YEARAHEAD_202412312300-202512312300.csv,2024-12-30,2025-12-29,Week 31,31,Poland,PL,12144.0,11725.197,19782.762,21712.0,2025,2026-07-06 20:09:35
GUI_TOTAL_LOAD_YEARAHEAD_202412312300-202512312300.csv,2024-12-30,2025-12-29,Week 32,32,Poland,PL,11500.0,11566.875,20008.119,21528.0,2025,2026-07-06 20:09:35
GUI_TOTAL_LOAD_YEARAHEAD_202412312300-202512312300.csv,2024-12-30,2025-12-29,Week 33,33,Poland,PL,11500.0,11312.52,20697.292,21712.0,2025,2026-07-06 20:09:35
GUI_TOTAL_LOAD_YEARAHEAD_202412312300-202512312300.csv,2024-12-30,2025-12-29,Week 34,34,Poland,PL,11868.0,11023.272,20522.509,21344.0,2025,2026-07-06 20:09:35
GUI_TOTAL_LOAD_YEARAHEAD_202412312300-202512312300.csv,2024-12-30,2025-12-29,Week 35,35,Poland,PL,12144.0,11819.31,21071.829,22080.0,2025,2026-07-06 20:09:35
GUI_TOTAL_LOAD_YEARAHEAD_202412312300-202512312300.csv,2024-12-30,2025-12-29,Week 36,36,Poland,PL,12420.0,12223.685,21679.274,21160.0,2025,2026-07-06 20:09:35
GUI_TOTAL_LOAD_YEARAHEAD_202412312300-202512312300.csv,2024-12-30,2025-12-29,Week 37,37,Poland,PL,12328.0,12107.011,21220.022,21620.0,2025,2026-07-06 20:09:35
GUI_TOTAL_LOAD_YEARAHEAD_202412312300-202512312300.csv,2024-12-30,2025-12-29,Week 38,38,Poland,PL,12788.0,11911.079,21261.469,21712.0,2025,2026-07-06 20:09:35
GUI_TOTAL_LOAD_YEARAHEAD_202412312300-202512312300.csv,2024-12-30,2025-12-29,Week 39,39,Poland,PL,12328.0,12292.275,21770.373,21712.0,2025,2026-07-06 20:09:35
GUI_TOTAL_LOAD_YEARAHEAD_202412312300-202512312300.csv,2024-12-30,2025-12-29,Week 40,40,Poland,PL,13064.0,12650.393,22526.38,22724.0,2025,2026-07-06 20:09:35
GUI_TOTAL_LOAD_YEARAHEAD_202412312300-202512312300.csv,2024-12-30,2025-12-29,Week 41,41,Poland,PL,13616.0,12625.869,22469.021,22816.0,2025,2026-07-06 20:09:35
GUI_TOTAL_LOAD_YEARAHEAD_202412312300-202512312300.csv,2024-12-30,2025-12-29,Week 42,42,Poland,PL,13432.0,13387.814,22898.448,22724.0,2025,2026-07-06 20:09:35
GUI_TOTAL_LOAD_YEARAHEAD_202412312300-202512312300.csv,2024-12-30,2025-12-29,Week 43,43,Poland,PL,13156.0,12832.791,22814.482,22908.0,2025,2026-07-06 20:09:35
GUI_TOTAL_LOAD_YEARAHEAD_202412312300-202512312300.csv,2024-12-30,2025-12-29,Week 44,44,Poland,PL,12880.0,12037.579,23107.125,23184.0,2025,2026-07-06 20:09:35
GUI_TOTAL_LOAD_YEARAHEAD_202412312300-202512312300.csv,2024-12-30,2025-12-29,Week 45,45,Poland,PL,13524.0,13146.643,22817.505,23920.0,2025,2026-07-06 20:09:35
GUI_TOTAL_LOAD_YEARAHEAD_202412312300-202512312300.csv,2024-12-30,2025-12-29,Week 46,46,Poland,PL,14076.0,13575.961,23317.262,24196.0,2025,2026-07-06 20:09:35
GUI_TOTAL_LOAD_YEARAHEAD_202412312300-202512312300.csv,2024-12-30,2025-12-29,Week 47,47,Poland,PL,14444.0,14070.613,24666.434,24564.0,2025,2026-07-06 20:09:35
GUI_TOTAL_LOAD_YEARAHEAD_202412312300-202512312300.csv,2024-12-30,2025-12-29,Week 48,48,Poland,PL,14904.0,14801.292,26134.957,25024.0,2025,2026-07-06 20:09:35
GUI_TOTAL_LOAD_YEARAHEAD_202412312300-202512312300.csv,2024-12-30,2025-12-29,Week 49,49,Poland,PL,15180.0,14135.026,25233.839,25484.0,2025,2026-07-06 20:09:35
GUI_TOTAL_LOAD_YEARAHEAD_202412312300-202512312300.csv,2024-12-30,2025-12-29,Week 50,50,Poland,PL,15364.0,13923.265,23917.495,25484.0,2025,2026-07-06 20:09:35
GUI_TOTAL_LOAD_YEARAHEAD_202412312300-202512312300.csv,2024-12-30,2025-12-29,Week 51,51,Poland,PL,15364.0,14349.222,24692.76,25576.0,2025,2026-07-06 20:09:35
GUI_TOTAL_LOAD_YEARAHEAD_202412312300-202512312300.csv,2024-12-30,2025-12-29,Week 52,52,Poland,PL,12328.0,13209.167,23508.04,25484.0,2025,2026-07-06 20:09:35
GUI_TOTAL_LOAD_YEARAHEAD_202512312300-202612312300.csv,2025-12-29,2027-01-04,Week 1,1,Poland,PL,13331.0,13179.626,21969.778,20843.0,2027,2026-07-06 20:09:35
GUI_TOTAL_LOAD_YEARAHEAD_202512312300-202612312300.csv,2025-12-29,2027-01-04,Week 2,2,Poland,PL,14832.0,14774.1,27617.655,27444.0,2027,2026-07-06 20:09:35
GUI_TOTAL_LOAD_YEARAHEAD_202512312300-202612312300.csv,2025-12-29,2027-01-04,Week 3,3,Poland,PL,16426.0,16137.926,27575.676,27200.0,2027,2026-07-06 20:09:35
GUI_TOTAL_LOAD_YEARAHEAD_202512312300-202612312300.csv,2025-12-29,2027-01-04,Week 4,4,Poland,PL,15831.0,15772.417,26691.218,26588.0,2027,2026-07-06 20:09:35
GUI_TOTAL_LOAD_YEARAHEAD_202512312300-202612312300.csv,2025-12-29,2027-01-04,Week 5,5,Poland,PL,16319.0,15811.64,26628.289,26394.0,2027,2026-07-06 20:09:35
GUI_TOTAL_LOAD_YEARAHEAD_202512312300-202612312300.csv,2025-12-29,2027-01-04,Week 6,6,Poland,PL,15919.0,15604.307,27733.885,28259.0,2027,2026-07-06 20:09:35
GUI_TOTAL_LOAD_YEARAHEAD_202512312300-202612312300.csv,2025-12-29,2027-01-04,Week 7,7,Poland,PL,15637.0,15536.739,26717.204,26450.0,2027,2026-07-06 20:09:35
GUI_TOTAL_LOAD_YEARAHEAD_202512312300-202612312300.csv,2025-12-29,2027-01-04,Week 8,8,Poland,PL,15012.0,14676.08,26786.875,26794.0,2027,2026-07-06 20:09:35
GUI_TOTAL_LOAD_YEARAHEAD_202512312300-202612312300.csv,2025-12-29,2027-01-04,Week 9,9,Poland,PL,13450.0,13356.695,24154.068,24050.0,2027,2026-07-06 20:09:35
GUI_TOTAL_LOAD_YEARAHEAD_202512312300-202612312300.csv,2025-12-29,2027-01-04,Week 10,10,Poland,PL,13925.0,13974.793,22963.663,22730.0,2027,2026-07-06 20:09:35
GUI_TOTAL_LOAD_YEARAHEAD_202512312300-202612312300.csv,2025-12-29,2027-01-04,Week 11,11,Poland,PL,13000.0,12897.3,22279.63,22063.0,2027,2026-07-06 20:09:35
GUI_TOTAL_LOAD_YEARAHEAD_202512312300-202612312300.csv,2025-12-29,2027-01-04,Week 12,12,Poland,PL,13888.0,13648.339,22850.17,22594.0,2027,2026-07-06 20:09:35
GUI_TOTAL_LOAD_YEARAHEAD_202512312300-202612312300.csv,2025-12-29,2027-01-04,Week 13,13,Poland,PL,13581.0,13462.032,23148.995,22700.0,2027,2026-07-06 20:09:35
GUI_TOTAL_LOAD_YEARAHEAD_202512312300-202612312300.csv,2025-12-29,2027-01-04,Week 14,14,Poland,PL,11900.0,11868.643,22964.174,22988.0,2027,2026-07-06 20:09:35
GUI_TOTAL_LOAD_YEARAHEAD_202512312300-202612312300.csv,2025-12-29,2027-01-04,Week 15,15,Poland,PL,11718.0,11322.021,22822.933,22613.0,2027,2026-07-06 20:09:35
GUI_TOTAL_LOAD_YEARAHEAD_202512312300-202612312300.csv,2025-12-29,2027-01-04,Week 16,16,Poland,PL,13106.0,12916.549,22282.693,22050.0,2027,2026-07-06 20:09:35
GUI_TOTAL_LOAD_YEARAHEAD_202512312300-202612312300.csv,2025-12-29,2027-01-04,Week 17,17,Poland,PL,12901.0,12750.725,21569.5,21550.0,2027,2026-07-06 20:09:35
GUI_TOTAL_LOAD_YEARAHEAD_202512312300-202612312300.csv,2025-12-29,2027-01-04,Week 18,18,Poland,PL,11488.0,11211.229,21778.608,21788.0,2027,2026-07-06 20:09:35
GUI_TOTAL_LOAD_YEARAHEAD_202512312300-202612312300.csv,2025-12-29,2027-01-04,Week 19,19,Poland,PL,11962.0,11789.397,20864.216,20869.0,2027,2026-07-06 20:09:35
GUI_TOTAL_LOAD_YEARAHEAD_202512312300-202612312300.csv,2025-12-29,2027-01-04,Week 20,20,Poland,PL,12550.0,12404.999,21791.034,21217.0,2027,2026-07-06 20:09:35
GUI_TOTAL_LOAD_YEARAHEAD_202512312300-202612312300.csv,2025-12-29,2027-01-04,Week 21,21,Poland,PL,11538.0,11395.375,20889.955,20875.0,2027,2026-07-06 20:09:35
GUI_TOTAL_LOAD_YEARAHEAD_202512312300-202612312300.csv,2025-12-29,2027-01-04,Week 22,22,Poland,PL,11680.0,11596.668,20647.205,21175.0,2027,2026-07-06 20:09:35
GUI_TOTAL_LOAD_YEARAHEAD_202512312300-202612312300.csv,2025-12-29,2027-01-04,Week 23,23,Poland,PL,11731.0,11405.127,20467.566,20631.0,2027,2026-07-06 20:09:35
GUI_TOTAL_LOAD_YEARAHEAD_202512312300-202612312300.csv,2025-12-29,2027-01-04,Week 24,24,Poland,PL,11181.0,11147.989,20941.705,21220.0,2027,2026-07-06 20:09:35
GUI_TOTAL_LOAD_YEARAHEAD_202512312300-202612312300.csv,2025-12-29,2027-01-04,Week 25,25,Poland,PL,11319.0,11801.846,21491.821,21588.0,2027,2026-07-06 20:09:35
GUI_TOTAL_LOAD_YEARAHEAD_202512312300-202612312300.csv,2025-12-29,2027-01-04,Week 26,26,Poland,PL,12813.0,12812.262,22532.494,21919.0,2027,2026-07-06 20:09:35
GUI_TOTAL_LOAD_YEARAHEAD_202512312300-202612312300.csv,2025-12-29,2027-01-04,Week 27,27,Poland,PL,11988.0,11658.516,22857.726,22813.0,2027,2026-07-06 20:09:35
GUI_TOTAL_LOAD_YEARAHEAD_202512312300-202612312300.csv,2025-12-29,2027-01-04,Week 28,28,Poland,PL,11988.0,,,20557.0,2027,2026-07-06 20:09:35
GUI_TOTAL_LOAD_YEARAHEAD_202512312300-202612312300.csv,2025-12-29,2027-01-04,Week 29,29,Poland,PL,11988.0,,,20557.0,2027,2026-07-06 20:09:35
GUI_TOTAL_LOAD_YEARAHEAD_202512312300-202612312300.csv,2025-12-29,2027-01-04,Week 30,30,Poland,PL,11988.0,,,20557.0,2027,2026-07-06 20:09:35
GUI_TOTAL_LOAD_YEARAHEAD_202512312300-202612312300.csv,2025-12-29,2027-01-04,Week 31,31,Poland,PL,12100.0,,,20557.0,2027,2026-07-06 20:09:35
GUI_TOTAL_LOAD_YEARAHEAD_202512312300-202612312300.csv,2025-12-29,2027-01-04,Week 32,32,Poland,PL,11600.0,,,21800.0,2027,2026-07-06 20:09:35
GUI_TOTAL_LOAD_YEARAHEAD_202512312300-202612312300.csv,2025-12-29,2027-01-04,Week 33,33,Poland,PL,10700.0,,,21700.0,2027,2026-07-06 20:09:35
GUI_TOTAL_LOAD_YEARAHEAD_202512312300-202612312300.csv,2025-12-29,2027-01-04,Week 34,34,Poland,PL,12100.0,,,21600.0,2027,2026-07-06 20:09:35
GUI_TOTAL_LOAD_YEARAHEAD_202512312300-202612312300.csv,2025-12-29,2027-01-04,Week 35,35,Poland,PL,12300.0,,,21700.0,2027,2026-07-06 20:09:35
GUI_TOTAL_LOAD_YEARAHEAD_202512312300-202612312300.csv,2025-12-29,2027-01-04,Week 36,36,Poland,PL,13100.0,,,21900.0,2027,2026-07-06 20:09:35
GUI_TOTAL_LOAD_YEARAHEAD_202512312300-202612312300.csv,2025-12-29,2027-01-04,Week 37,37,Poland,PL,13200.0,,,22300.0,2027,2026-07-06 20:09:35
GUI_TOTAL_LOAD_YEARAHEAD_202512312300-202612312300.csv,2025-12-29,2027-01-04,Week 38,38,Poland,PL,13600.0,,,22500.0,2027,2026-07-06 20:09:35
GUI_TOTAL_LOAD_YEARAHEAD_202512312300-202612312300.csv,2025-12-29,2027-01-04,Week 39,39,Poland,PL,13300.0,,,22700.0,2027,2026-07-06 20:09:35
GUI_TOTAL_LOAD_YEARAHEAD_202512312300-202612312300.csv,2025-12-29,2027-01-04,Week 40,40,Poland,PL,13700.0,,,23200.0,2027,2026-07-06 20:09:35
GUI_TOTAL_LOAD_YEARAHEAD_202512312300-202612312300.csv,2025-12-29,2027-01-04,Week 41,41,Poland,PL,14200.0,,,23400.0,2027,2026-07-06 20:09:35
GUI_TOTAL_LOAD_YEARAHEAD_202512312300-202612312300.csv,2025-12-29,2027-01-04,Week 42,42,Poland,PL,14200.0,,,23400.0,2027,2026-07-06 20:09:35
GUI_TOTAL_LOAD_YEARAHEAD_202512312300-202612312300.csv,2025-12-29,2027-01-04,Week 43,43,Poland,PL,13900.0,,,23600.0,2027,2026-07-06 20:09:35
GUI_TOTAL_LOAD_YEARAHEAD_202512312300-202612312300.csv,2025-12-29,2027-01-04,Week 44,44,Poland,PL,13500.0,,,24000.0,2027,2026-07-06 20:09:35
GUI_TOTAL_LOAD_YEARAHEAD_202512312300-202612312300.csv,2025-12-29,2027-01-04,Week 45,45,Poland,PL,13600.0,,,24500.0,2027,2026-07-06 20:09:35
GUI_TOTAL_LOAD_YEARAHEAD_202512312300-202612312300.csv,2025-12-29,2027-01-04,Week 46,46,Poland,PL,14700.0,,,24700.0,2027,2026-07-06 20:09:35
GUI_TOTAL_LOAD_YEARAHEAD_202512312300-202612312300.csv,2025-12-29,2027-01-04,Week 47,47,Poland,PL,14800.0,,,25100.0,2027,2026-07-06 20:09:35
GUI_TOTAL_LOAD_YEARAHEAD_202512312300-202612312300.csv,2025-12-29,2027-01-04,Week 48,48,Poland,PL,15300.0,,,25400.0,2027,2026-07-06 20:09:35
GUI_TOTAL_LOAD_YEARAHEAD_202512312300-202612312300.csv,2025-12-29,2027-01-04,Week 49,49,Poland,PL,15300.0,,,25600.0,2027,2026-07-06 20:09:35
GUI_TOTAL_LOAD_YEARAHEAD_202512312300-202612312300.csv,2025-12-29,2027-01-04,Week 50,50,Poland,PL,15400.0,,,25600.0,2027,2026-07-06 20:09:35
GUI_TOTAL_LOAD_YEARAHEAD_202512312300-202612312300.csv,2025-12-29,2027-01-04,Week 51,51,Poland,PL,15200.0,,,25600.0,2027,2026-07-06 20:09:35
GUI_TOTAL_LOAD_YEARAHEAD_202512312300-202612312300.csv,2025-12-29,2027-01-04,Week 52,52,Poland,PL,12400.0,,,25400.0,2027,2026-07-06 20:09:35
GUI_TOTAL_LOAD_YEARAHEAD_202512312300-202612312300.csv,2025-12-29,2027-01-04,Week 1,1,Poland,PL,14100.0,,,24700.0,2027,2026-07-06 20:09:35
